Sample ID,Plate Well,Sample Name,Index Sequence,Post-purification TapeStation Reading (ng/uL),Average Size (bp),Molarity (nM),Reads (M)
Capture-5098-1,A1,SFRC01628_A1,CCAGTTCA,1.11,383,4.5,200
Capture-5098-2,B1,SFRC01475_B2,TGGCTTCA,3.41,451,11.6,50
Capture-5098-3,C1,SFRC01550_B1,CGACTGGA,1.89,460,6.3,50
Capture-5098-4,D1,SFRC01630_B1,CAAGACTA,3.43,473,11.2,50
Capture-5098-5,E1,SFRC01630_A,CCTCCTGA,1.47,388,5.8,300
Capture-5098-6,F1,SFRC01616_B1,TGGTGGTA,1.92,474,6.2,50
Capture-5098-7,G1,SFRC01616_1C,AACAACCA,2.38,334,11,150
Capture-5098-8,H1,SFRC01617_B1,AATCCGTC,2.56,483,8.2,50
Capture-5098-9,A2,SFRC01617_1E,CAAGGAGC,13,471,42.5,150
Capture-5098-10,B2,SFRC01405_B1,TTCACGCA,2.49,462,8.3,50
Capture-5098-11,C2,SFRC01405_3C,CACCTTAC,1.24,360,5.3,150
Capture-5098-12,D2,SFRC01599_B1,AAGACGGA,4.1,459,13.7,50
Capture-5098-13,E2,SFRC01599_A4,ACACAGAA,3.4,373,14,200
Capture-5098-14,F2,SFRC01518_B1,GAACAGGC,4.83,464,16,50
Capture-5098-15,G2,SFRC01518_12D,AACCGAGA,2.28,330,10.6,200

