Sample Name,Sample ID,Library Plate Well,SureSelect Index Well,Index Sequence,Post-purification TapeStation (ng/uL),Average Size (bp),Molarity (nM),Reads (M)
SFRC01486_B1,Capture-4352-1,A1,E11,CCTCCTGA,4.53,403,17.3,50
SFRC01486_1AD,Capture-4352-2,B1,F11,TGGTGGTA,2.02,305,10.2,300
SFRC01245_B1,Capture-4352-3,C1,G11,AACAACCA,7.1,403,27.1,50
SFRC01245_4A,Capture-4352-4,D1,H11,AATCCGTC,2.5,308,12.5,200
SFRC01493_B1,Capture-4352-5,E1,A12,CAAGGAGC,6.2,420,22.7,50
SFRC01493_1L,Capture-4352-6,F1,B12,TTCACGCA,1.53,290,8.1,200
SFRC01124_2A,Capture-4352-7,G1,C12,CACCTTAC,2.69,279,14.8,200
SFRC01466_1.5,Capture-4352-8,H1,D12,AAGACGGA,2.38,258,14.2,200
SFRC01466_1.5_v2,Capture-4352-9,A2,E12,ACACAGAA,2.32,276,12.9,200
SFRC01431_1.2_V2,Capture-4352-10,B2,F12,GAACAGGC,3.73,293,19.6,200