Sample Name,Sample ID,Library Plate Well,i7 Index Sequence,Post-purification TapeStation (ng/uL),Average Size (bp),Molarity (nM),Requested Reads (M)
SFRC01512_B1,Capture-4664-1,1A,CTCAATGA,1.06,411,3.97,50
SFRC01512_1E,Capture-4664-2,1B,TCCGTCTA,2.65,350,11.65,200
SFRC01540_B1,Capture-4664-3,1C,AGGCTAAC,7.21,444,24.98,50
SFRC01540_1E,Capture-4664-4,1D,CCATCCTC,2.47,315,12.06,200
SFRC01543_B1,Capture-4664-5,1E,AGATGTAC,6.71,449,22.99,50
SFRC01543_1.9,Capture-4664-6,1F,TCTTCACA,3.12,351,13.68,300
SFRC01537_B1,Capture-4664-7,1G,CCGAAGTA,4.29,435,15.17,50
SFRC01537_1.1,Capture-4664-8,1H,CGCATACA,3.97,363,16.83,300
SFRC01533_B1,Capture-4664-9,2A,AATGTTGC,6.03,432,21.47,50
SFRC01533_2D,Capture-4664-10,2B,TGAAGAGA,3.08,308,15.38,200
SFRC01546_B1,Capture-4664-11,2C,AGATCGCA,8.57,413,31.92,50
SFRC01546_1E,Capture-4664-12,2D,AAGAGATC,3.69,345,16.45,200
SFRC01519_B1,Capture-4664-13,2E,CAACCACA,10.4,450,35.56,50
SFRC01519_1A,Capture-4664-14,2F,TGGAACAA,3.21,353,13.99,300
SFRC01572_B1,Capture-4664-15,2G,CCTCTATC,5.14,434,18.22,50
SFRC01572_1A,Capture-4664-16,2H,ACAGATTC,6.38,363,27.04,200
SFRC01575_B1,Capture-4664-17,3A,CCAGTTCA,4.54,415,16.83,50
SFRC01575_1.9,Capture-4664-18,3B,TGGCTTCA,1.63,259,9.68,200
SFRC01549_B1,Capture-4664-19,3C,CGACTGGA,3.89,426,14.05,50
SFRC01549_1AN,Capture-4664-20,3D,CAAGACTA,4.73,339,21.47,200
SFRC01508_B1,Capture-4664-21,3E,CCTCCTGA,3.53,393,13.82,50
SFRC01508_1.1,Capture-4664-22,3F,TGGTGGTA,3.63,323,17.29,200
SFRC01528_B1,Capture-4664-23,3G,AACAACCA,13.4,410,50.28,50
SFRC01528_1.1,Capture-4664-24,3H,AATCCGTC,3.73,330,17.39,200
SFRC01585_B1,Capture-4664-25,4A,CAAGGAGC,9.63,404,36.67,50
SFRC01585_S1,Capture-4664-26,4B,TTCACGCA,5.21,418,19.18,300
SFRC01514_B1,Capture-4664-27,4C,CACCTTAC,5.15,438,18.09,50
SFRC01514_3,Capture-4664-28,4D,AAGACGGA,3.47,309,17.28,200
SFRC01531_B1,Capture-4664-29,4E,ACACAGAA,11.6,438,40.74,50
SFRC01531_S1,Capture-4664-30,4F,GAACAGGC,4.93,377,20.12,300
SFRC01530_B1,Capture-4664-31,4G,AACCGAGA,10,428,35.95,50
SFRC01530_1A,Capture-4664-32,4H,ACAAGCTA,3.33,364,14.07,200
SFRC01495_B1,Capture-4671-1,5A,GCTAACGA,1.95,430,6.98,50
SFRC01495_1K,Capture-4671-2,5B,CAGATCTG,0.777,347,3.44,300
SFRC01447_B1,Capture-4671-3,5C,ATCCTGTA,0.943,424,3.42,50
SFRC01447_1H,Capture-4671-4,5D,CTGTAGCC,0.274,342,1.23,200
SFRC01447_B,Capture-4671-5,5E,GCTCGGTA,1.36,359,5.83,200
SFRC01471_B1,Capture-4671-6,5F,ACACGACC,1.5,475,4.86,50
SFRC01471_A6,Capture-4671-7,5G,AGTCACTA,1.62,333,7.48,300
SFRC01515_B1,Capture-4672-3,5H,AGCAGGAA,2.08,413,7.75,50
SFRC01515_1Q,Capture-4672-4,6A,GAGCTGAA,1.07,351,4.69,200
SFRC01444_B1,Capture-4672-5,6B,AAACATCG,3.1,436,10.94,50
SFRC01444_1A,Capture-4672-6,6C,GAGTTAGC,0.765,342,3.44,200
SFRC01395_B1,Capture-4672-7,6D,CGAACTTA,1.14,428,4.1,50
SFRC01395_1E,Capture-4672-8,6E,GATAGACA,1.25,302,6.37,200
SFRC01228S2_CL1,Capture-4672-9,6F,AAGGACAC,1.65,404,6.28,150